loss,accuracy,val_loss,val_accuracy
1.3865774869918823,0.1416349858045578,1.3862262964248657,0.25
1.3863483667373657,0.25475284457206726,1.3861119747161865,0.3928571343421936
1.386225938796997,0.3365018963813782,1.3860033750534058,0.4196428656578064
1.3861057758331299,0.32699620723724365,1.3858890533447266,0.4776785671710968
1.385921597480774,0.42300379276275635,1.385771632194519,0.4017857015132904
1.3861180543899536,0.31749048829078674,1.3856059312820435,0.2991071343421936
1.3856401443481445,0.33840304613113403,1.3854587078094482,0.4107142984867096
1.3856664896011353,0.2832699716091156,1.3852359056472778,0.3080357015132904
1.385146141052246,0.3650190234184265,1.3849917650222778,0.4151785671710968
