loss,accuracy,val_loss,val_accuracy
44.35735321044922,0.18916349112987518,1.3866266012191772,0.25
1.396992802619934,0.18916349112987518,1.3863115310668945,0.25
