loss,accuracy,val_loss,val_accuracy
1.9434356689453125,0.23003801703453064,1.3863575458526611,0.25
1.3871902227401733,0.25,1.3864631652832031,0.25
1.3873718976974487,0.25,1.386353611946106,0.25
1.387003779411316,0.22243346273899078,1.3863753080368042,0.25
1.3867261409759521,0.23288972675800323,1.3862969875335693,0.25
1.386624813079834,0.2319391667842865,1.386303186416626,0.25
